Category,count
Java Developer,200
Python Developer,200
Data Science,200
DevOps,180
SQL Developer,180
Database,150
Testing,150
Web Designing,150
React Developer,150
Business Analyst,150
DotNet Developer,140
Software Developer,134
ETL Developer,120
Network Security Engineer,120
Full Stack Developer,102
SAP Developer,100
Digital Media,100
Cloud Engineer,92
Machine Learning Engineer,81
Frontend Developer,76
Backend Developer,76
AI Engineer,71
Cybersecurity Analyst,66
QA Engineer,61
Database Administrator,56
UI/UX Designer,51
Blockchain,47
Site Reliability Engineer,46
Mobile Developer,46
System Administrator,40
Technical Lead,35
Blockchain Developer,30
Engineering Manager,30
Principal Engineer,25
Product Manager,25
Technical Writer,20
