Location,count
"City, State",2337
"East William, AK",1
"East Susan, MA",1
"North Donnaport, CO",1
"Grayside, IN",1
"Wilkersonmouth, FL",1
"Port Danielburgh, WY",1
"Smithview, NY",1
"West Natashaport, IA",1
"New Karina, UT",1
"North Jeanton, IN",1
"Aguirreborough, CT",1
"Stevenland, NV",1
"East Nicholasfurt, KS",1
"New Christopherburgh, CA",1
"Lake Jennifer, IA",1
"Nicolebury, MN",1
"Cassandramouth, IL",1
"North Sierraberg, ND",1
"Kimberlychester, RI",1
"Brennanfort, IN",1
"West Gregoryview, AZ",1
"Jonesmouth, RI",1
"West Justinchester, WY",1
"Port James, AK",1
"Williamsbury, PW",1
"Katiehaven, NM",1
"South Rickside, NH",1
"West Ryan, AK",1
"North Jorge, MD",1
"Port Andrew, FL",1
"New Anthonyport, OK",1
"New Deborahtown, PR",1
"Port Sarah, KY",1
"Matthewview, OH",1
"South Heather, ME",1
"East Joanna, KY",1
"New Kellyberg, SC",1
"South Travisshire, SC",1
"Torreston, RI",1
"East Keithport, UT",1
"Scottmouth, UT",1
"Port Katelynfort, NC",1
"Robertfort, LA",1
"Brownhaven, MN",1
"Davisville, NH",1
"Kendrachester, MA",1
"Mollybury, OK",1
"Garciamouth, AL",1
"Brennanton, RI",1
"West Michaelchester, FL",1
"Littlemouth, KS",1
"East Patrickstad, OK",1
"Lake Debbieport, WY",1
"West Robin, NJ",1
"Amandamouth, MN",1
"East Brandonton, ME",1
"Gilbertview, AZ",1
"Davisborough, SD",1
"East Amber, AS",1
"Foxland, NJ",1
"Boonechester, TX",1
"Shawnchester, CT",1
"Nicholasberg, TX",1
"Gomezchester, VI",1
"Audreychester, PR",1
"Jonestown, CO",1
"Scottchester, NM",1
"West Sierra, WI",1
"Hensleyton, NE",1
"Collierstad, CO",1
"New Williamstad, MI",1
"Webstershire, NV",1
"Steventon, AR",1
"Cassidyhaven, FL",1
"Paulmouth, TX",1
"Andersonland, ME",1
"Staceyfort, ID",1
"Williamsstad, TX",1
"Port James, PA",1
"Port Shannon, MI",1
"Port Janice, NV",1
"Fowlermouth, CA",1
"Lopezland, NC",1
"West Kristinastad, IA",1
"Jamesborough, FM",1
"Klinefurt, MA",1
"Donnaport, NV",1
"Port Cathy, WY",1
"Edwardsview, IA",1
"South Geraldmouth, CO",1
"Johnsonside, OK",1
"West Dawn, NV",1
"Staceyhaven, MH",1
"Port Michelleland, AZ",1
"Lake Brianmouth, MT",1
"South David, NV",1
"Johnsonfurt, NY",1
"Kathrynstad, AZ",1
"Brooksmouth, OH",1
"Sarahmouth, GA",1
"Emilychester, OR",1
"North Ashley, UT",1
"Suemouth, PW",1
"Annview, LA",1
"North Christina, OR",1
"Delgadofort, NJ",1
"North Kennethville, MA",1
"East Cheryl, SC",1
"Brandishire, AL",1
"East Susan, NJ",1
"North Mariahaven, ID",1
"Chambersport, VA",1
"Port Derek, SD",1
"Port Adam, AK",1
"North Lisachester, RI",1
"Gonzalesside, IL",1
"New Stacyburgh, SC",1
"Meredithberg, AS",1
"Nicholaston, VI",1
"New Marc, LA",1
"North Jose, OR",1
"Murraystad, GA",1
"North Jeffery, NH",1
"Drakeburgh, CT",1
"Lake Jeremiah, TX",1
"East Jasonshire, NJ",1
"New Mary, MS",1
"Lake Joshuamouth, NM",1
"Danieltown, ME",1
"West Angelamouth, VI",1
"South Joshua, ME",1
"Meaganfurt, AS",1
"Nicholasfurt, MN",1
"Lake Kevin, KS",1
"North Kaylastad, GA",1
"Petershire, UT",1
"Davismouth, MD",1
"Mullenbury, AS",1
"West Mark, NH",1
"Davidport, DE",1
"East Leonard, NV",1
"West Antonio, IN",1
"Paynechester, CT",1
"Port Jamie, IL",1
"Michelleberg, UT",1
"Clementsmouth, OR",1
"Mariamouth, OH",1
"Clarencestad, KS",1
"East Brittneyhaven, TX",1
"Nicoleberg, MS",1
"North Donaldville, OR",1
"Debbiebury, NM",1
"North Brendatown, KS",1
"New Mark, OR",1
"North Alexander, DC",1
"Gibsonstad, AR",1
"South Michaelberg, HI",1
"Port Zachary, AZ",1
"Brittanyfort, WI",1
"South Travis, AR",1
"Jonesshire, AR",1
"East Shannonmouth, MT",1
"West Randy, AR",1
"North Mariabury, DC",1
"Williamsshire, NE",1
"Jenkinsside, NJ",1
"Hectormouth, PA",1
"Port Wendybury, OK",1
"Weaverburgh, NM",1
"Brianberg, OR",1
"Jeffreyshire, GU",1
"West Julie, IA",1
"North Paulchester, GA",1
"Stephanieland, MA",1
"North Craig, IL",1
"South Christopherfort, ID",1
"Jacobton, KS",1
"Cardenaschester, ND",1
"Thompsonburgh, IL",1
"Melissahaven, NH",1
"Mikaylastad, FM",1
"Prestonmouth, UT",1
"Jacobsland, ID",1
"Port James, AR",1
"Matthewsstad, MI",1
"Port Kimberlytown, NJ",1
"South Kevin, NC",1
"Vanessamouth, VI",1
"Priceton, OR",1
"Destinybury, MI",1
"Morenochester, AR",1
"Port Kim, OK",1
"Stephaniemouth, WV",1
"Port Brandonport, NH",1
"Jenniferton, MS",1
"East Heather, SC",1
"Port Jose, NC",1
"Port Williamville, MH",1
"Lake Deborah, MA",1
