rank_flip_then_swap_f1,rank_fairest_gap_then_f1,rank_standard_macro_f1,delta_rank_flip_minus_gap_rank,source_run,track,family,model_name,display_name,status,accuracy,macro_f1,worst_gap,macro_gap,swap_accuracy,swap_macro_f1,delta_swap_f1_minus_standard,delta_swap_acc_minus_standard,overall_flip_rate,max_city_flip_rate,min_city_flip_rate,balance_robust_quality,uses_scrubbing,error,run_name,expected_track,family_from_swap,model_dir,model_path,family_group,display_name_c71,method
,,,,70_batch,,,6_adversarial,6_adversarial,error,,,,,,,,,,,,,,failed to load,6_adversarial,main,,,,,,
,,,,70_batch,,,8_attribution_reg,8_attribution_reg,error,,,,,,,,,,,,,,failed to load,8_attribution_reg,main,,,,,,
1.0,3.0,8.0,-2.0,70_batch,main,scrubbing,bert_scrubbing,Data Scrubbing,ok,0.5941923774954628,0.6105665172611873,0.3,0.112077201852525,0.5941923774954628,0.6106395818352593,7.306457407207922e-05,0.0,0.0,0.0,0.0,0.9582990929839278,True,,3_scrubbing,main,,bert_scrubbing,,scrubbing,Data Scrubbing,Data Scrubbing + sqrt_rw
2.0,,10.0,,70_batch,main,combined,combined_scrubbing_groupdro,Combined Best,ok,0.5764065335753176,0.5971173664042575,,,0.5764065335753176,0.5971173664042575,0.0,0.0,0.0,0.0,0.0,0.9125229418187923,True,,10_combined_best,main,,combined_scrubbing_groupdro,,combined,Combined Best,Combined Best
3.0,12.0,13.0,-9.0,70_batch,main,combined,bert_debiased_combo,Combined Scrub + GroupDRO,ok,0.4882032667876588,0.4807757968361364,0.4058823529411764,0.1377640289446923,0.4865698729582577,0.47525862669979535,-0.005517170136341065,-0.0016333938294010864,0.0,0.0,0.0,0.5,True,,9_combined_scrub_gdro,main,,bert_debiased_combo,,combined,Combined Scrub + GroupDRO,sqrt_reweight + oversampling + GroupDRO
4.0,11.0,3.0,-7.0,c10_challengers,challenger,class_balanced,class_balanced_cbce_beta099_2ep,class_balanced_cbce_beta099_2ep,ok,0.6068965517241379,0.6207870115762675,0.3882352941176471,0.1372489536973299,0.6068965517241379,0.6207870115762675,0.0,0.0,0.0577132486388384,0.0328493647912885,0.0137931034482758,0.7434344321398391,,,class_balanced_cbce_beta099_2ep,challenger,class_balanced,,/Users/natashaagapova/Documents/A-INNOPOLIS/A-THESIS/my-repository/notebooks/models/challengers/class_balanced_cbce_beta099_2ep,class_balanced,class_balanced_cbce_beta099_2ep,Class-Balanced CE + sqrt_rw
5.0,,,,72_restored,,adversarial,restored_adversarial,restored_adversarial,ok,,,,,0.574410163339383,0.5942314793308253,,,0.0618874773139745,,,0.635512098062196,,,restored_adversarial,main,adversarial,,/Users/natashaagapova/Documents/A-INNOPOLIS/A-THESIS/my-repository/notebooks/results/two-models-restore/restored_models/adversarial,,,
6.0,4.0,4.0,2.0,c10_challengers,challenger,rdrop,rdrop_alpha10_2ep,rdrop_alpha10_2ep,ok,0.6067150635208711,0.6200736985847453,0.3117647058823529,0.1268109708476176,0.6067150635208711,0.6200736985847453,0.0,0.0,0.0620689655172413,0.0393829401088929,0.0137931034482758,0.7222109081407442,,,rdrop_alpha10_2ep,challenger,rdrop,,/Users/natashaagapova/Documents/A-INNOPOLIS/A-THESIS/my-repository/notebooks/models/challengers/rdrop_alpha10_2ep,rdrop,rdrop_alpha10_2ep,R-Drop + sqrt_rw
7.0,,,,72_restored,,attr_reg,restored_attr_reg,restored_attr_reg,ok,,,,,0.5833030852994555,0.6011648284423201,,,0.0631578947368421,,,0.6534973613228513,,,restored_attr_reg,main,attr_reg,,/Users/natashaagapova/Documents/A-INNOPOLIS/A-THESIS/my-repository/notebooks/results/two-models-restore/restored_models/attr_reg,,,
8.0,8.0,6.0,0.0,70_batch,main,focal,bert_focal_loss,Focal Loss,ok,0.5925589836660617,0.6134318484078286,0.3294117647058824,0.1356819274341358,0.5925589836660617,0.6134318484078286,0.0,0.0,0.06896551724137931,0.041742286751361164,0.019237749546279492,0.6699459855071067,False,,5_focal_loss,main,,bert_focal_loss,,focal,Focal Loss,Focal Loss gamma=2.0 + sqrt_rw
9.0,7.0,2.0,2.0,70_batch,main,baseline,bert_9classes_final,Baseline,ok,0.609,0.621,0.329,0.116,0.608529945553539,0.6206270877990566,-0.00037291220094337607,-0.0004700544464609768,0.07713248638838476,0.04573502722323049,0.019963702359346643,0.6590372499565578,False,,1_baseline,main,,bert_9classes_final,,baseline,Baseline,Baseline BERT + sqrt_rw
10.0,6.0,5.0,4.0,c10_challengers,challenger,focal,focal_gamma1_2ep,focal_gamma1_2ep,ok,0.6041742286751361,0.6191096286531808,0.3235294117647058,0.1336767887659292,0.6041742286751361,0.6191096286531808,0.0,0.0,0.0867513611615245,0.0491833030852994,0.0203266787658802,0.612364213216656,,,focal_gamma1_2ep,challenger,focal,,/Users/natashaagapova/Documents/A-INNOPOLIS/A-THESIS/my-repository/notebooks/models/challengers/focal_gamma1_2ep,focal,focal_gamma1_2ep,Focal Loss + sqrt_rw
11.0,2.0,11.0,9.0,c10_challengers,challenger,groupdro,bert_gdro_eta005_2ep,bert_gdro_eta005_2ep,ok,0.5747731397459165,0.5901271899385397,0.288235294117647,0.1218049116811898,0.5747731397459165,0.5901271899385397,0.0,0.0,0.0874773139745916,0.0482758620689655,0.0159709618874773,0.5111164633352068,,,bert_gdro_eta005_2ep,challenger,groupdro,,/Users/natashaagapova/Documents/A-INNOPOLIS/A-THESIS/my-repository/notebooks/models/challengers/bert_gdro_eta005_2ep,other,bert_gdro_eta005_2ep,GroupDRO + sqrt_rw
12.0,5.0,1.0,7.0,c10_challengers,challenger,label_smoothing,label_smoothing_eps01_2ep,label_smoothing_eps01_2ep,ok,0.6083484573502722,0.6229579754516105,0.3176470588235294,0.1357876464916925,0.6083484573502722,0.6229579754516105,0.0,0.0,0.0891107078039927,0.0508166969147005,0.0214156079854809,0.615203761755424,,,label_smoothing_eps01_2ep,challenger,label_smoothing,,/Users/natashaagapova/Documents/A-INNOPOLIS/A-THESIS/my-repository/notebooks/models/challengers/label_smoothing_eps01_2ep,label_smoothing,label_smoothing_eps01_2ep,Label Smoothing + sqrt_rw
13.0,10.0,7.0,3.0,70_batch,main,oversampling,bert_oversample_only,Oversampling,ok,0.6005444646098004,0.611462531934235,0.3583333333333333,0.1348910006569772,0.6005444646098004,0.611462531934235,0.0,0.0,0.10036297640653358,0.0633393829401089,0.025952813067150634,0.5276994092168859,False,,4_oversampling,main,,bert_oversample_only,,oversampling,Oversampling,oversampling + sqrt_reweight (NO GroupDRO)
14.0,9.0,9.0,5.0,70_batch,main,label_smoothing,bert_label_smoothing,Label Smoothing,ok,0.5961887477313974,0.6080545461159175,0.3294117647058824,0.139536811744611,0.5961887477313974,0.6080545461159175,0.0,0.0,0.10725952813067151,0.08021778584392014,0.020871143375680582,0.4863819429732262,False,,7_label_smoothing,main,,bert_label_smoothing,,label_smoothing,Label Smoothing,Label Smoothing ε=0.1 + sqrt_rw
15.0,1.0,12.0,14.0,70_batch,main,groupdro,bert_gdro_eta01_2ep,GroupDRO η=0.1,ok,0.5477313974591651,0.552505752091434,0.2647058823529411,0.1129547238136067,0.5477313974591651,0.552505752091434,0.0,0.0,0.11578947368421053,0.07295825771324864,0.02631578947368421,0.26150123898715555,False,,2_groupdro,main,,bert_gdro_eta01_2ep,,groupdro,GroupDRO η=0.1,"GroupDRO eta=0.1 + sqrt_rw, 2ep"
